,antenna,frequency,power,modulation,par,bandwidth,distance,angle,x,y,sard1g,sard10g
0,D300,300,26,M1,0.0,0.0,25,330,44,23,-0.13175778281971676,-0.12155507204514134
1,D300,300,17,M2,10.0,0.0,15,120,35,81,-0.18758734302561464,-0.1798622508103403
2,D300,300,28,M1,0.0,0.0,15,165,2,-53,-0.018667862724794447,-0.03125583980198482
3,D300,300,20,M2,10.0,0.0,25,180,-13,52,0.0993083938901477,0.10610938797790893
4,D300,300,20,M2,10.0,0.0,25,330,-21,55,0.21148000308710077,0.22884135561660193
5,D300,300,20,M2,10.0,0.0,15,105,-9,83,-0.06215909776978789,-0.07582754687890744
6,D300,300,30,M1,0.0,0.0,15,75,-30,-63,-0.18755509507454343,-0.19133514263300844
7,D300,300,30,M1,0.0,0.0,15,270,26,43,-0.11557282101068267,-0.101683409263376
8,D300,300,31,M1,0.0,0.0,25,180,33,-44,0.16394042457232402,0.18307214251326498
9,D300,300,24,M2,10.0,0.0,25,315,-14,-80,-0.23533595625283735,-0.2479782380755651
10,D300,300,36,M1,0.0,0.0,25,135,27,-16,0.11037276655575418,0.1256258056374514
11,D300,300,27,M2,10.0,0.0,25,90,-29,71,-0.14670869707575712,-0.14176592822527845
12,D300,300,27,M2,10.0,0.0,15,45,-36,-34,-0.13755269789283048,-0.1541036478358
13,D300,300,31,M2,10.0,0.0,25,135,45,85,0.13229406273657177,0.11919434474894929
14,D300,300,32,M2,10.0,0.0,15,165,-34,-64,0.18598518711906845,0.1962404449742599
15,D300,300,34,M2,10.0,0.0,25,195,21,5,-0.016406951277824426,-0.005226455372751062
16,D300,300,35,M2,10.0,0.0,15,195,41,-38,-0.3733596364137437,-0.38788479989012387
17,D450,450,16,M15,5.75,5.0,15,105,13,67,-0.48491731696754276,-0.47780740517739073
18,D450,450,16,M12,6.65,3.0,15,150,42,24,-0.20344957812976844,-0.17097411167391244
19,D450,450,16,M2,10.0,0.0,15,315,22,2,-0.1836334424321718,-0.19638825304233976
20,D450,450,17,M12,6.65,3.0,15,75,-18,-105,-0.12174508633097164,-0.1243851240580984
21,D450,450,30,M1,0.0,0.0,25,180,36,-94,0.13320577633114994,0.12763622279093934
22,D450,450,22,M12,6.65,3.0,25,15,34,-25,-0.1626705977164175,-0.17211763794717042
23,D450,450,22,M12,6.65,3.0,25,330,28,101,-0.14694955461771045,-0.1562577706891431
24,D450,450,23,M15,5.75,5.0,15,120,-22,70,-0.13522435618938708,-0.14877378474833933
25,D450,450,24,M15,5.75,5.0,25,75,35,-55,0.002098086510971979,-0.016629995425572298
26,D450,450,24,M12,6.65,3.0,25,30,29,-103,0.32761800374754607,0.3226510588265686
27,D450,450,25,M15,5.75,5.0,15,45,0,17,0.3020535977987904,0.34414475160180624
28,D450,450,26,M15,5.75,5.0,25,330,46,31,-0.10159795157666388,-0.09056436750646547
29,D450,450,27,M15,5.75,5.0,25,195,-44,-81,-0.376940473204224,-0.3628238565375078
30,D450,450,27,M12,6.65,3.0,15,0,9,98,0.023976366092642788,0.0369091379709997
31,D450,450,30,M12,6.65,3.0,25,30,-14,84,-0.24185899082337184,-0.2302752526130695
32,D450,450,35,M16,6.44,5.0,25,240,26,-28,-0.10185369843073669,-0.11871386625314542
33,D750,750,12,M9,6.41,1.4,15,135,-3,-14,-0.04583634166666597,-0.054393026863579844
34,D750,750,12,M18,5.67,20.0,15,270,23,-33,0.09192110564649411,0.08859522405171506
35,D750,750,14,M18,5.67,20.0,25,180,-37,-94,0.1834985043174237,0.16781175024971795
36,D750,750,22,M1,0.0,0.0,15,345,32,31,-0.6101638349637212,-0.5903386338054054
37,D750,750,18,M18,5.67,20.0,15,15,3,-8,0.032157885511048874,0.03518652061872827
38,D750,750,21,M9,6.41,1.4,25,90,27,92,-0.23380046859254996,-0.22995210984785908
39,D750,750,19,M18,5.67,20.0,15,195,39,-47,-0.09761452696173678,-0.12468132626025333
40,D750,750,21,M18,5.67,20.0,25,300,-5,2,-0.3468295211057762,-0.370614248323209
41,D750,750,31,M1,0.0,0.0,25,210,3,-67,0.25016682238310567,0.26650743085898976
42,D750,750,23,M9,6.41,1.4,15,270,41,-23,-0.01454284940785424,-0.014775099748748967
43,D750,750,25,M9,6.41,1.4,25,150,-23,65,-0.08406666565233203,-0.0651738636974319
44,D750,750,27,M9,6.41,1.4,25,300,-15,-48,0.2957514842606409,0.26854702764104504
45,D750,750,34,M1,0.0,0.0,15,165,-38,8,-0.13361447036042629,-0.12365618442621482
46,D750,750,34,M1,0.0,0.0,15,315,5,50,-0.6498496426634028,-0.6482385251974865
47,D750,750,35,M1,0.0,0.0,15,345,-6,-31,-0.35043984550748647,-0.32362893479701116
48,D750,750,29,M9,6.41,1.4,25,255,33,45,-0.24753895679499047,-0.24144042643830999
49,D750,750,32,M9,6.41,1.4,25,30,7,-27,0.36562193631212614,0.3560786996078548
50,D835,835,14,M11,5.73,3.0,25,300,-32,82,-0.21025098667257394,-0.2209579126965427
51,D835,835,12,M12,6.65,3.0,5,60,15,-7,-0.38706570115360944,-0.39517924915642105
52,D835,835,20,M11,5.73,3.0,15,330,-47,-43,-0.23318056268717538,-0.2305478480552744
53,D835,835,24,M8,5.76,1.4,25,195,-10,71,-0.401772830489734,-0.411218940371522
54,D835,835,21,M14,3.98,5.0,5,330,-18,20,-0.13959104909539172,-0.1334099295087497
55,D835,835,22,M8,5.76,1.4,15,90,0,-11,-0.5468105853135407,-0.5607330391863671
56,D835,835,23,M12,6.65,3.0,5,150,-26,-107,0.3145146119168793,0.3317014318216202
57,D835,835,23,M14,3.98,5.0,15,225,24,-2,-0.3318235720181167,-0.3411640831193289
58,D835,835,24,M12,6.65,3.0,15,270,-28,-66,0.06381524652692408,0.06465751315825716
59,D835,835,26,M12,6.65,3.0,15,225,7,-79,0.10683714917656936,0.09435047151773045
60,D835,835,26,M14,3.98,5.0,5,150,-19,-45,-0.09921331247648627,-0.10969776638100585
61,D835,835,30,M12,6.65,3.0,25,60,38,78,0.16739611041415842,0.15151372126374565
62,D835,835,30,M8,5.76,1.4,25,120,-8,-38,-0.033481228973061876,-0.05769255707554043
63,D835,835,36,M1,0.0,0.0,5,285,-27,89,0.15945712539033047,0.14028004004528288
64,D835,835,38,M1,0.0,0.0,5,120,-15,108,0.09045671955684656,0.08106549618681468
65,D835,835,30,M14,3.98,5.0,5,60,15,-89,0.07910077536377627,0.08185961871977386
66,D900,900,12,M11,5.73,3.0,25,150,-43,-58,0.390544564405066,0.40530953977951106
67,D900,900,9,M16,6.44,5.0,5,105,-37,-86,0.08573322122328783,0.07266882199578831
68,D900,900,13,M11,5.73,3.0,25,240,43,-63,-0.06975797817836493,-0.052526349256985794
69,D900,900,13,M12,6.65,3.0,15,15,-22,-6,0.1295437081364907,0.1167542766527688
70,D900,900,15,M15,5.75,5.0,25,195,0,-107,-0.29535120260938763,-0.31646416417060885
71,D900,900,14,M12,6.65,3.0,5,165,-18,67,0.41051855331442977,0.39829163601454726
72,D900,900,17,M8,5.76,1.4,25,30,25,-62,0.15721898341080034,0.15713784554177584
73,D900,900,18,M11,5.73,3.0,5,300,-3,89,-0.010746506870063087,0.022594841023567756
74,D900,900,20,M11,5.73,3.0,15,45,40,-62,-0.057785620296133884,-0.0538286486518765
75,D900,900,22,M8,5.76,1.4,15,120,14,-90,-0.1572086162574055,-0.1636379982786142
76,D900,900,22,M16,6.44,5.0,5,195,-39,90,-0.07010158901118557,-0.034181564166508256
77,D900,900,24,M11,5.73,3.0,15,60,-33,-20,0.3724667746708162,0.3462651837637929
78,D900,900,26,M12,6.65,3.0,15,45,-23,79,0.0932279790747991,0.10408039509975293
79,D900,900,25,M15,5.75,5.0,5,75,15,-13,0.17557277912039232,0.18276543170498116
80,D900,900,31,M11,5.73,3.0,25,105,45,-56,0.013949612181832917,0.028432793088704104
81,D900,900,29,M8,5.76,1.4,15,195,-24,36,0.14786486224966905,0.15171573255438875
82,D900,900,32,M12,6.65,3.0,25,165,45,-84,0.22375752110122746,0.22104982808331977
83,D1450,1450,8,M2,10.0,0.0,10,120,-30,-55,-0.02589496019822967,-0.021006735109348848
84,D1450,1450,9,M11,5.73,3.0,5,15,-31,-67,-0.06134614679290094,-0.04669935707859882
85,D1450,1450,11,M11,5.73,3.0,10,285,32,65,0.30001131133663045,0.3175368101440573
86,D1450,1450,18,M11,5.73,3.0,25,45,12,-71,-0.008187463740185828,0.01610679347146584
87,D1450,1450,13,M18,5.67,20.0,10,135,23,-37,-0.36766834152081634,-0.37595458476928934
88,D1450,1450,21,M11,5.73,3.0,25,345,-27,-97,0.02616862298946781,0.024355965052088407
89,D1450,1450,21,M2,10.0,0.0,25,225,-33,57,0.3133055884297971,0.29862720341955545
90,D1450,1450,17,M11,5.73,3.0,10,120,-31,-15,-0.17182083099160547,-0.14912270924300527
91,D1450,1450,25,M18,5.67,20.0,25,300,-33,52,0.11115327155483032,0.120260258556276
92,D1450,1450,20,M7,7.7,0.8,5,60,11,-29,-0.07448613422378114,-0.09418836606263808
93,D1450,1450,27,M7,7.7,0.8,25,45,43,95,0.014899123817851946,-0.006521987843225552
94,D1450,1450,22,M18,5.67,20.0,10,285,-47,20,-0.00010242358682600178,-0.013671648357240962
95,D1450,1450,23,M11,5.73,3.0,5,225,44,-42,-0.15119292291807948,-0.15122228598926346
96,D1450,1450,23,M18,5.67,20.0,5,315,-30,-61,-0.23374044272970476,-0.2254229423015292
97,D1450,1450,30,M18,5.67,20.0,25,105,-38,-52,0.005038309132973075,0.0019506060344142888
98,D1450,1450,30,M2,10.0,0.0,25,255,18,-95,0.022775890621538723,0.03725136019950139
99,D1450,1450,32,M17,6.59,10.0,25,210,-36,-100,0.10611893226858407,0.07785629777387006
100,D1750,1750,7,M8,5.76,1.4,10,285,40,-10,-0.0925332705371471,-0.09511721704527754
101,D1750,1750,7,M11,5.73,3.0,5,90,10,-18,-0.16428220412938854,-0.1799968871419305
102,D1750,1750,18,M9,6.41,1.4,25,195,37,62,-0.26225738279583194,-0.24674309997276053
103,D1750,1750,11,M14,3.98,5.0,10,315,-18,29,-0.47940175779714794,-0.48446119962902695
104,D1750,1750,13,M8,5.76,1.4,10,135,-21,42,0.31365723683247343,0.3020768795973992
105,D1750,1750,13,M11,5.73,3.0,10,120,47,5,-0.49920680622684827,-0.4979703009338518
106,D1750,1750,22,M11,5.73,3.0,25,315,19,12,-0.3959006693924349,-0.44094761800058957
107,D1750,1750,24,M9,6.41,1.4,25,255,2,19,0.16312438613002933,0.19870424190643837
108,D1750,1750,21,M8,5.76,1.4,10,90,9,103,-0.2397599983974559,-0.2298233126261882
109,D1750,1750,28,M9,6.41,1.4,25,300,1,8,0.003252847902635775,0.018348228452756875
110,D1750,1750,21,M11,5.73,3.0,10,15,-39,102,0.24752054782110472,0.2375671899575734
111,D1750,1750,22,M8,5.76,1.4,10,210,29,-59,-0.16775180387854058,-0.16903097297410846
112,D1750,1750,29,M18,5.67,20.0,25,135,-16,-100,-0.09676483209144213,-0.07653515223119078
113,D1750,1750,31,M14,3.98,5.0,25,285,17,107,0.2709470569986089,0.2890154538701618
114,D1750,1750,31,M11,5.73,3.0,25,180,-18,44,0.21922773705293694,0.22676697606561852
115,D1750,1750,32,M14,3.98,5.0,25,330,-36,-103,-0.09372642259150177,-0.056383970337499874
116,D1950,1950,15,M14,3.98,5.0,25,30,-24,-59,0.2665494279609675,0.2578301935724921
117,D1950,1950,15,M13,2.91,5.0,25,75,-9,-97,-0.03006370983069683,-0.033458574478403
118,D1950,1950,7,M8,5.76,1.4,10,210,1,84,-0.06770489420223641,-0.08219717456021428
119,D1950,1950,6,M14,3.98,5.0,5,75,-14,11,0.019334612790503546,0.004580832682900786
120,D1950,1950,7,M18,5.67,20.0,5,345,-30,66,0.1814761022519518,0.1945996723932648
121,D1950,1950,11,M8,5.76,1.4,10,45,-8,32,0.3014328657874531,0.30003193518065224
122,D1950,1950,12,M13,2.91,5.0,10,345,8,-96,0.13185977714278574,0.16419709295100848
123,D1950,1950,10,M18,5.67,20.0,5,0,-12,-102,0.048238683344755354,0.033850408181086984
124,D1950,1950,20,M18,5.67,20.0,25,90,31,-89,0.3149095600792265,0.3129848976807776
125,D1950,1950,21,M8,5.76,1.4,25,45,24,106,-0.006009869059095264,-0.012977124048351161
126,D1950,1950,12,M14,3.98,5.0,5,135,-7,-83,0.17511161969230804,0.1419838475051342
127,D1950,1950,16,M18,5.67,20.0,5,270,10,-32,0.18840124974539535,0.18441959769244304
128,D1950,1950,17,M18,5.67,20.0,5,0,48,-68,-0.11478052125283575,-0.10523357691637897
129,D1950,1950,20,M10,10.26,1.4,10,285,2,-80,-0.025216593106422942,-0.012976586346095553
130,D1950,1950,28,M10,10.26,1.4,25,180,-40,-104,0.002640834462141757,0.007103477977132891
131,D1950,1950,22,M13,2.91,5.0,10,300,-5,-71,0.18284825962016324,0.19931796738884627
132,D1950,1950,32,M10,10.26,1.4,25,45,-23,-106,0.41919366732091135,0.4124408104639408
133,D2300,2300,13,M1,0.0,0.0,10,330,24,-28,-0.5547300696770486,-0.5829996135211524
134,D2300,2300,13,M1,0.0,0.0,5,255,-29,-24,0.00689270890648102,-0.010164237839880429
135,D2300,2300,14,M1,0.0,0.0,5,105,49,-38,-0.4132293511415274,-0.3864221575149123
136,D2300,2300,16,M1,0.0,0.0,5,15,39,48,0.18281431181639626,0.2038888272017926
137,D2300,2300,18,M1,0.0,0.0,10,195,17,-77,-0.3559438750433817,-0.3467023032417909
138,D2300,2300,12,M3,11.96,0.2,10,120,-3,-76,0.08294545799310715,0.08589101526857719
139,D2300,2300,11,M15,5.75,5.0,5,270,30,26,0.30796819823409316,0.31818053827473725
140,D2300,2300,22,M1,0.0,0.0,10,270,-2,-96,0.10713051826488171,0.09300339939821059
141,D2300,2300,14,M7,7.7,0.8,10,225,6,62,-0.08314242450158205,-0.08002203424870423
142,D2300,2300,32,M1,0.0,0.0,25,225,21,-4,-0.06088825628313337,-0.055583518569477915
143,D2300,2300,17,M15,5.75,5.0,10,15,21,-9,0.3829942918025268,0.3776578916515333
144,D2300,2300,17,M15,5.75,5.0,10,135,15,86,-0.14178125066845298,-0.14771544446714094
145,D2300,2300,18,M15,5.75,5.0,10,315,28,-2,-0.013302241091667479,-0.0056210188029594535
146,D2300,2300,19,M4,5.68,0.4,5,165,-25,22,-0.07756642164543001,-0.09457349963605191
147,D2300,2300,29,M1,0.0,0.0,5,0,-41,-100,-0.48506954463852364,-0.49557799824208776
148,D2300,2300,21,M15,5.75,5.0,5,15,-3,-31,-0.11769561347506616,-0.12067804851895736
149,D2300,2300,32,M1,0.0,0.0,10,180,19,-41,0.14011724992664587,0.14574387694024815
150,D2450,2450,0,M6,7.93,0.4,5,240,-7,35,-0.30231588018217687,-0.28950462912215497
151,D2450,2450,16,M5,7.89,0.4,25,75,-9,77,-0.03565179295411918,-0.026954910306626507
152,D2450,2450,5,M6,7.93,0.4,5,0,-4,-40,-0.42356833345117356,-0.4540437887306703
153,D2450,2450,17,M5,7.89,0.4,25,45,23,-101,-0.04603205360841859,-0.04012121271936949
154,D2450,2450,9,M23,8.9,80.0,10,330,38,-88,-0.3997998052236752,-0.40379652217392586
155,D2450,2450,10,M6,7.93,0.4,10,0,-46,-3,-0.09878997332014391,-0.09987170562301077
156,D2450,2450,8,M23,8.9,80.0,5,30,3,-54,0.2878633507673511,0.3067097412673758
157,D2450,2450,31,M1,0.0,0.0,25,45,22,72,-0.03527948175745791,-0.02608490422616263
158,D2450,2450,11,M5,7.89,0.4,5,15,-17,54,-0.10620769618961548,-0.09723380490458183
159,D2450,2450,25,M23,8.9,80.0,25,0,8,-76,0.11289112481064495,0.11815684677290604
160,D2450,2450,14,M22,8.91,40.0,5,195,46,-99,-0.30295924206487623,-0.30828533546941816
161,D2450,2450,17,M22,8.91,40.0,10,150,12,-12,0.2100220713310395,0.19737272819838986
162,D2450,2450,18,M5,7.89,0.4,10,330,-42,9,-0.16019397084017514,-0.18941456015570704
163,D2450,2450,37,M1,0.0,0.0,25,285,-5,-44,-0.22496405859715854,-0.23657358425259042
164,D2450,2450,18,M5,7.89,0.4,5,135,5,16,0.03723666846186615,0.01946587555674832
165,D2450,2450,28,M1,0.0,0.0,5,210,30,105,-0.21196609177761502,-0.19715637233819633
166,D2450,2450,23,M23,8.9,80.0,10,0,-10,90,0.26353550543968635,0.2428610104938775
167,D2600,2600,10,M1,0.0,0.0,5,300,48,86,0.04678138726506056,0.048714351509632395
168,D2600,2600,6,M18,5.67,20.0,10,180,-47,-102,-0.4435929202181979,-0.47822769030244916
169,D2600,2600,4,M6,7.93,0.4,5,315,-21,-65,-0.33482753468760684,-0.3379259065146414
170,D2600,2600,7,M4,5.68,0.4,10,240,-2,40,0.04656790002809205,0.047335040095418994
171,D2600,2600,26,M1,0.0,0.0,25,255,38,-108,0.09899455150671835,0.10252413617205859
172,D2600,2600,18,M1,0.0,0.0,10,240,14,-89,-0.03162726035248376,-0.017838654233932022
173,D2600,2600,29,M1,0.0,0.0,25,105,-16,93,-0.053023760696859885,-0.04294087967177902
174,D2600,2600,12,M18,5.67,20.0,10,300,48,23,-0.2471060748287203,-0.24341155333775627
175,D2600,2600,13,M18,5.67,20.0,10,330,43,-35,-0.21510117999280035,-0.20546304608140667
176,D2600,2600,16,M18,5.67,20.0,10,225,-1,75,0.019541956771492806,0.04300106932415919
177,D2600,2600,15,M13,2.91,5.0,5,225,36,69,-0.26867960435144367,-0.2880893010742917
178,D2600,2600,18,M13,2.91,5.0,10,210,-4,25,-0.2049668929870006,-0.19613668304767504
179,D2600,2600,19,M6,7.93,0.4,10,195,25,16,0.3282597808250703,0.31534920851355175
180,D2600,2600,28,M18,5.67,20.0,25,30,26,-41,0.2425731191169682,0.23031686516854158
181,D2600,2600,31,M6,7.93,0.4,25,330,-26,12,-0.03197553472964982,-0.0333170431066739
182,D2600,2600,22,M18,5.67,20.0,10,240,-17,-19,0.15358830991141956,0.13992394684686893
183,D2600,2600,22,M13,2.91,5.0,10,255,29,-27,0.13454587146573405,0.12812182682518533
184,D3700,3700,13,M4,5.68,0.4,25,30,-43,91,0.0966767692452101,0.09998897801637986
185,D3700,3700,14,M7,7.7,0.8,25,75,34,4,-0.21813878769551345,-0.20397330788455964
186,D3700,3700,16,M7,7.7,0.8,25,240,-46,-91,-0.22850595262597248,-0.24168452469966736
187,D3700,3700,2,M4,5.68,0.4,5,30,-32,73,0.32296179300684796,0.326289685444176
188,D3700,3700,3,M5,7.89,0.4,5,255,-43,-49,0.015272380416380849,0.005543836540369818
189,D3700,3700,8,M4,5.68,0.4,10,0,29,-15,0.01572817233349994,0.010047223579249831
190,D3700,3700,8,M4,5.68,0.4,10,285,-37,-104,0.007958974510959435,-0.005121850238972806
191,D3700,3700,18,M4,5.68,0.4,25,120,-35,0,0.162109837691878,0.15681055108065853
192,D3700,3700,10,M4,5.68,0.4,10,165,-13,57,0.1416640269380941,0.13790725228574238
193,D3700,3700,8,M2,10.0,0.0,5,210,18,77,-0.16180852770175114,-0.17475822595856388
194,D3700,3700,8,M4,5.68,0.4,5,345,10,-23,-0.17078194338205377,-0.1688298720818834
195,D3700,3700,15,M2,10.0,0.0,10,60,6,87,0.11131793720119396,0.11872560850351421
196,D3700,3700,15,M24,10.28,100.0,5,195,47,106,0.061638864778383345,0.0952322580812772
197,D3700,3700,16,M5,7.89,0.4,5,255,2,98,0.05351424465721888,0.0537696557983905
198,D3700,3700,18,M2,10.0,0.0,5,255,-15,-98,0.03472710575583073,0.04019471280460717
199,D3700,3700,22,M4,5.68,0.4,10,105,-22,72,0.1877273693105078,0.2040332781424022
200,D4200,4200,7,M1,0.0,0.0,5,105,-3,79,-0.4417391917525945,-0.4369959168581483
201,D4200,4200,12,M1,0.0,0.0,10,345,6,-30,0.16108581392400703,0.16815423799003965
202,D4200,4200,11,M1,0.0,0.0,5,0,42,-85,-0.21720122392954547,-0.2348304872433736
203,D4200,4200,18,M21,8.43,25.0,25,30,-24,68,0.26350773816296846,0.2515471750003442
204,D4200,4200,4,M5,7.89,0.4,5,60,-6,61,-0.051336675546037054,-0.044920255518945115
205,D4200,4200,20,M5,7.89,0.4,25,315,-28,28,0.0974071871131599,0.10541299369669736
206,D4200,4200,6,M2,10.0,0.0,5,60,47,68,0.22002333938018678,0.20022059531022884
207,D4200,4200,11,M2,10.0,0.0,10,255,-29,88,-0.05954425802328698,-0.0490044439106376
208,D4200,4200,22,M2,10.0,0.0,25,300,6,76,0.16116003333564116,0.17177493733413798
209,D4200,4200,12,M7,7.7,0.8,10,60,7,7,0.13477995715533667,0.10282159380741256
210,D4200,4200,23,M2,10.0,0.0,25,300,33,23,0.06327233345065497,0.08933505570121622
211,D4200,4200,9,M2,10.0,0.0,5,120,5,-74,0.12279949864937595,0.11571395439970221
212,D4200,4200,23,M1,0.0,0.0,10,345,-4,-24,0.01832911234504766,0.018647989342336985
213,D4200,4200,16,M2,10.0,0.0,10,60,-41,-75,-0.15156477244715663,-0.1421028682153959
214,D4200,4200,17,M2,10.0,0.0,10,75,-15,78,0.24210760567640102,0.2453142274859625
215,D4200,4200,15,M5,7.89,0.4,5,345,-12,54,-0.14715708521101364,-0.15316495280985912
216,D4600,4600,11,M7,7.7,0.8,25,285,37,35,0.04810423534409357,0.06668829203188009
217,D4600,4600,3,M2,10.0,0.0,10,0,-38,98,0.11097566048678734,0.08237082949236936
218,D4600,4600,13,M7,7.7,0.8,25,135,-6,-22,0.21106309176045226,0.2187981940706988
219,D4600,4600,0,M6,7.93,0.4,5,315,-40,-80,0.0009115003833355603,-0.012037779703469887
220,D4600,4600,6,M6,7.93,0.4,10,240,-43,-85,0.016227191438689725,0.004793870879438389
221,D4600,4600,15,M5,7.89,0.4,25,315,19,80,-0.020588292348677574,-0.005227151797599056
222,D4600,4600,2,M7,7.7,0.8,5,150,40,76,-0.3444919208006151,-0.3518384449741346
223,D4600,4600,17,M7,7.7,0.8,25,75,20,-5,-0.09154338565351813,-0.09071348259065398
224,D4600,4600,4,M24,10.28,100.0,5,255,3,-4,0.2969746521344736,0.3233127008292729
225,D4600,4600,6,M7,7.7,0.8,5,30,0,27,-0.09012499845331445,-0.09480331839162612
226,D4600,4600,9,M24,10.28,100.0,5,300,-44,74,-0.16598058663432783,-0.17382735217476356
227,D4600,4600,9,M7,7.7,0.8,5,90,45,56,-0.0330388831824581,-0.02318409680966737
228,D4600,4600,27,M5,7.89,0.4,25,30,-39,104,0.1845926795764942,0.15096547949587275
229,D4600,4600,30,M6,7.93,0.4,25,105,46,-11,-0.26720094984102444,-0.2527849407000847
230,D4600,4600,21,M5,7.89,0.4,10,210,18,49,0.1140830869545488,0.13170263011570876
231,D4600,4600,31,M6,7.93,0.4,25,105,-23,-54,0.23021823144655448,0.23268472053806244
232,D4600,4600,31,M2,10.0,0.0,25,180,-48,-7,-0.06468979673941341,-0.07059918517802191
233,D5200,5200,-4,M19,9.38,20.0,5,210,10,101,-0.3028827704016575,-0.31543955636775545
234,D5200,5200,2,M3,11.96,0.2,5,255,37,83,0.1879162246068473,0.19728551791342605
235,D5200,5200,17,M19,9.38,20.0,25,105,46,-75,-0.018539829156596584,-0.018732033182111956
236,D5200,5200,18,M20,10.12,20.0,25,240,-15,109,0.16620890867555502,0.18041971408215263
237,D5200,5200,6,M23,8.9,80.0,5,300,-27,46,0.34264850841476696,0.3532640971473777
238,D5200,5200,13,M19,9.38,20.0,10,0,12,-36,-0.10903348113426092,-0.09740911621150311
239,D5200,5200,8,M19,9.38,20.0,5,105,-41,20,-0.010884482025531085,0.0008706288701068772
240,D5200,5200,8,M19,9.38,20.0,5,270,22,32,0.2337123142140598,0.2513559018138487
241,D5200,5200,23,M23,8.9,80.0,25,165,30,34,0.3148475614818527,0.3247870303600969
242,D5200,5200,9,M22,8.91,40.0,5,165,-33,103,0.6597972128461168,0.6546698633853945
243,D5200,5200,15,M3,11.96,0.2,10,255,3,28,0.34103551022998874,0.32537745680386987
244,D5200,5200,16,M23,8.9,80.0,10,90,-20,-46,0.05793231045304555,0.05183090094557596
245,D5200,5200,25,M23,8.9,80.0,25,225,-34,56,-0.04510704536773786,-0.038423509614857854
246,D5200,5200,11,M3,11.96,0.2,5,210,-35,-52,-0.38620790826504253,-0.37577919646189145
247,D5200,5200,20,M23,8.9,80.0,10,195,-48,94,0.46891709234280937,0.4582632425964526
248,D5200,5200,16,M23,8.9,80.0,5,135,-21,10,0.6229596082945573,0.6531391856542754
249,D5200,5200,30,M22,8.91,40.0,25,225,-25,-93,0.02965956067036333,0.025013462366817996
250,D5500,5500,1,M22,8.91,40.0,10,45,48,-105,-0.35043441774154843,-0.35220248760655626
251,D5500,5500,10,M19,9.38,20.0,25,270,43,-3,0.012859338561081159,0.02001015986757136
252,D5500,5500,-4,M22,8.91,40.0,5,150,36,108,0.4136203543610556,0.3821978481937336
253,D5500,5500,-3,M3,11.96,0.2,5,0,-2,1,0.03612798711523086,0.04226304796469208
254,D5500,5500,16,M20,10.12,20.0,25,45,27,-39,-0.20485539072765074,-0.2051176342310066
255,D5500,5500,16,M3,11.96,0.2,25,15,-43,37,-0.25737131825157333,-0.2878472979019266
256,D5500,5500,17,M22,8.91,40.0,25,60,27,-83,0.17911533396987755,0.16891660155398175
257,D5500,5500,4,M22,8.91,40.0,5,345,-32,-45,0.05413930397867553,0.08915483269815877
258,D5500,5500,10,M3,11.96,0.2,10,15,-5,4,0.2423129753986024,0.26296640682759936
259,D5500,5500,20,M22,8.91,40.0,25,240,35,104,-0.16083027279482373,-0.16346466247435293
260,D5500,5500,5,M3,11.96,0.2,5,15,25,-69,0.3236467830730862,0.3288332350586372
261,D5500,5500,16,M22,8.91,40.0,10,120,36,-19,0.14663256757448398,0.1473869549886899
262,D5500,5500,18,M19,9.38,20.0,10,285,-48,17,0.36190558001437595,0.3461671458561763
263,D5500,5500,12,M3,11.96,0.2,5,240,5,-1,-0.20655435991745558,-0.19478589457145232
264,D5500,5500,28,M3,11.96,0.2,25,315,-42,-21,0.06903987074165939,0.06642139183103557
265,D5500,5500,20,M3,11.96,0.2,10,150,27,-108,0.5124673659372087,0.49160053497196093
266,D5600,5600,-3,M20,10.12,20.0,5,45,33,-109,0.13788323125192092,0.14837567930987713
267,D5600,5600,2,M23,8.9,80.0,10,225,26,-82,-0.3100327702966619,-0.29876584089142744
268,D5600,5600,-1,M19,9.38,20.0,5,270,-44,-12,0.1391636131180967,0.16792890332158655
269,D5600,5600,4,M19,9.38,20.0,10,270,38,39,0.08465847090816275,0.0779681695669517
270,D5600,5600,0,M23,8.9,80.0,5,90,-11,60,0.06170149445083858,0.04987990613054158
271,D5600,5600,1,M23,8.9,80.0,5,75,13,92,-0.05558040087989664,-0.050733918708496785
272,D5600,5600,18,M23,8.9,80.0,25,90,1,44,0.22290812589658354,0.2250459993203361
273,D5600,5600,4,M19,9.38,20.0,5,165,4,-10,0.1372318938974221,0.12768258976012084
274,D5600,5600,19,M2,10.0,0.0,25,90,-27,-51,-0.24148781774234537,-0.24450494271179485
275,D5600,5600,22,M19,9.38,20.0,25,180,-17,13,0.22031076328228194,0.2151797342734808
276,D5600,5600,8,M2,10.0,0.0,5,285,4,14,-0.09211801099265207,-0.09121604368157757
277,D5600,5600,11,M19,9.38,20.0,5,285,17,91,0.24490207462560318,0.27931969765197784
278,D5600,5600,12,M19,9.38,20.0,5,120,42,13,-0.14750743505237962,-0.15139618129116214
279,D5600,5600,18,M20,10.12,20.0,10,345,18,-72,-0.06772725717603895,-0.06474269951751506
280,D5600,5600,27,M2,10.0,0.0,25,165,-12,-47,-0.15909437930213122,-0.171719610909332
281,D5600,5600,19,M2,10.0,0.0,10,210,11,47,-0.20934506414657678,-0.2286306682021848
282,D5600,5600,28,M2,10.0,0.0,25,75,-38,-22,0.44101634829294206,0.42069100722686587
283,D5600,5600,29,M20,10.12,20.0,25,330,-25,97,0.01878784084046905,-0.01665046521674865
284,D5800,5800,-4,M22,8.91,40.0,5,150,-40,-16,0.046792604339362935,0.06016141440090672
285,D5800,5800,9,M20,10.12,20.0,25,90,-8,93,-0.1571379057646825,-0.15417125918575023
286,D5800,5800,-2,M3,11.96,0.2,5,105,-21,-35,-0.2184986807392397,-0.2208427654548238
287,D5800,5800,11,M22,8.91,40.0,25,255,11,-87,0.2382805859950087,0.22902550846959624
288,D5800,5800,1,M19,9.38,20.0,5,165,-46,49,0.1303177079304535,0.1036169934246769
289,D5800,5800,3,M20,10.12,20.0,5,180,-36,-91,-0.2384607207734543,-0.22288916522253702
290,D5800,5800,3,M23,8.9,80.0,5,90,44,-29,-0.015168841041901714,-0.02712664611189914
291,D5800,5800,10,M20,10.12,20.0,5,330,49,48,-0.13610494804316384,-0.13818860963579202
292,D5800,5800,24,M20,10.12,20.0,25,120,12,51,0.22019282717665242,0.21866355961938733
293,D5800,5800,18,M19,9.38,20.0,10,45,-9,-98,0.35644868609226205,0.3807257550620539
294,D5800,5800,13,M3,11.96,0.2,5,240,-49,-93,0.12750048748196038,0.12701924937630632
295,D5800,5800,25,M22,8.91,40.0,25,240,-8,-87,0.4768220446849245,0.48457092159405735
296,D5800,5800,19,M22,8.91,40.0,10,165,-48,21,0.12335408537992901,0.09936213787611904
297,D5800,5800,14,M20,10.12,20.0,5,330,42,-42,-0.33954986537799264,-0.35279224247763746
298,D5800,5800,15,M22,8.91,40.0,5,330,32,-73,-0.24877789746565085,-0.257988530101362
299,D5800,5800,15,M20,10.12,20.0,5,315,4,-25,0.05941556934125682,0.06092341184372151
300,V750,750,9,M14,3.98,5.0,2,0,-35,-35,-0.03513955769152125,-0.0361956518699284
301,V750,750,12,M15,5.75,5.0,2,135,41,30,0.12044283028042449,0.09726840714270436
302,V750,750,12,M14,3.98,5.0,2,270,8,38,0.18709640220882084,0.20494091799582184
303,V750,750,13,M9,6.41,1.4,2,180,-40,-49,-0.48462514406123064,-0.5005133212569131
304,V750,750,23,M1,0.0,0.0,2,300,1,41,-0.017454775171179597,-0.023375762599424622
305,V750,750,14,M9,6.41,1.4,2,45,20,-92,-0.12492899657783677,-0.1239829578187448
306,V750,750,15,M15,5.75,5.0,2,120,30,53,0.4088865371650689,0.42713526338365804
307,V750,750,16,M16,6.44,5.0,2,180,-11,-78,-0.23346639041067144,-0.25210040050226734
308,V750,750,29,M1,0.0,0.0,2,0,34,47,-0.17650671382702002,-0.17222745088754193
309,V750,750,29,M1,0.0,0.0,2,15,-23,-18,-0.016193922791921743,-0.01582647381587916
310,V750,750,20,M15,5.75,5.0,2,135,-2,16,0.11200193707256406,0.12237888717898321
311,V750,750,22,M14,3.98,5.0,2,165,-13,-56,-0.11630800663935184,-0.10306901669199597
312,V750,750,23,M14,3.98,5.0,2,60,-24,70,-0.13669411562807043,-0.13556164469468188
313,V750,750,23,M14,3.98,5.0,2,75,-31,10,0.006518842794455519,-0.022737274311165394
314,V750,750,26,M9,6.41,1.4,2,330,8,-60,-0.028033750798460357,-0.02917283044748104
315,V750,750,27,M14,3.98,5.0,2,90,24,94,0.10881074398848944,0.1119872326879038
316,V750,750,28,M14,3.98,5.0,2,180,19,81,-0.37847787402920186,-0.357169618622529
317,V835,835,11,M13,2.91,5.0,2,0,-1,-16,-0.41380083958551,-0.4281885968926538
318,V835,835,11,M2,10.0,0.0,2,150,-7,-17,-0.01641524754642005,-0.029257537053695028
319,V835,835,13,M11,5.73,3.0,2,180,-34,-72,-0.05414482980722144,-0.039242466226640585
320,V835,835,13,M2,10.0,0.0,2,150,40,-62,-0.11870224084388467,-0.09639155657067097
321,V835,835,14,M9,6.41,1.4,2,345,-34,30,0.09734961909808115,0.11414156948765765
322,V835,835,17,M17,6.59,10.0,2,345,39,101,0.14812325389902087,0.13886626536982388
323,V835,835,19,M17,6.59,10.0,2,75,-28,1,-0.1919932865487161,-0.2071453659369171
324,V835,835,20,M17,6.59,10.0,2,300,7,3,-0.2894638749832566,-0.2840614243404009
325,V835,835,20,M2,10.0,0.0,2,300,-26,6,0.10009440225135569,0.09452037216286911
326,V835,835,23,M11,5.73,3.0,2,30,28,99,-0.13543502494361723,-0.1371619364175949
327,V835,835,24,M13,2.91,5.0,2,30,-25,59,0.1311667945904096,0.13187434947741783
328,V835,835,26,M17,6.59,10.0,2,15,13,-33,-0.043975399783458276,-0.029700638507608273
329,V835,835,26,M17,6.59,10.0,2,75,-35,100,-0.5314985388473925,-0.528989221738539
330,V835,835,27,M2,10.0,0.0,2,315,-11,-58,-0.2832561285116167,-0.3112711322865634
331,V835,835,28,M11,5.73,3.0,2,240,30,63,0.06409687139469208,0.060048318336129176
332,V835,835,29,M13,2.91,5.0,2,270,-13,15,-0.12108197607021573,-0.11806381503706878
333,V835,835,29,M13,2.91,5.0,2,270,-7,-39,0.015574169199489792,0.011710059292555919
334,V1950,1950,20,M1,0.0,0.0,2,60,-20,58,-0.16254100256222473,-0.1614809644594143
335,V1950,1950,20,M1,0.0,0.0,2,225,-19,-60,-0.1691401070705548,-0.1948175125447132
336,V1950,1950,12,M16,6.44,5.0,2,120,-19,-65,-0.052358021353032476,-0.08834116792500404
337,V1950,1950,12,M17,6.59,10.0,2,75,16,5,-0.16956465332997991,-0.15194233376565092
338,V1950,1950,13,M13,2.91,5.0,2,270,-42,25,-0.08941102997747533,-0.10740956522831512
339,V1950,1950,14,M16,6.44,5.0,2,195,22,-70,-0.31719053338117265,-0.3199838211473348
340,V1950,1950,15,M13,2.91,5.0,2,30,-45,73,0.5333427340079554,0.5282432330033959
341,V1950,1950,18,M13,2.91,5.0,2,105,37,22,-0.13115769086569162,-0.15149270786208566
342,V1950,1950,19,M14,3.98,5.0,2,210,-26,-57,-0.09945710548962863,-0.08679079518229248
343,V1950,1950,29,M1,0.0,0.0,2,15,-42,36,0.36982809272708445,0.382064839226695
344,V1950,1950,23,M16,6.44,5.0,2,180,13,50,-0.07229849647237588,-0.11834062919397831
345,V1950,1950,24,M14,3.98,5.0,2,285,20,28,-0.0667353353338565,-0.07069814465853912
346,V1950,1950,24,M17,6.59,10.0,2,120,31,96,-0.11970276889742479,-0.13664134350714088
347,V1950,1950,26,M16,6.44,5.0,2,255,34,-21,0.32413766773641545,0.32586648220086706
348,V1950,1950,27,M17,6.59,10.0,2,150,-14,64,-0.07512584686749835,-0.05966971754606878
349,V1950,1950,29,M14,3.98,5.0,2,210,39,65,-0.2375951861139424,-0.2292728461482365
350,V3700,3700,12,M16,6.44,5.0,2,60,14,-82,-0.3300652108809307,-0.3403445209584964
351,V3700,3700,13,M21,8.43,25.0,2,240,47,18,-0.03596754567839259,-0.06058779713709839
352,V3700,3700,13,M7,7.7,0.8,2,300,15,96,0.11291991014054656,0.1046505633663973
353,V3700,3700,15,M24,10.28,100.0,2,345,-31,37,0.1497223164017454,0.14236080249485447
354,V3700,3700,15,M7,7.7,0.8,2,135,19,-68,0.010634822436853264,0.019744527610143336
355,V3700,3700,16,M16,6.44,5.0,2,210,-39,-48,-0.09497695438823339,-0.08753363576728553
356,V3700,3700,17,M7,7.7,0.8,2,225,32,-78,-0.4278607742816582,-0.4240612729229735
357,V3700,3700,20,M6,7.93,0.4,2,285,-10,-51,0.1065991923916797,0.10081270916738701
358,V3700,3700,21,M7,7.7,0.8,2,30,44,45,-0.2931881982719999,-0.3118937810640259
359,V3700,3700,22,M16,6.44,5.0,2,270,16,-30,0.03027217288013241,0.044360644456256634
360,V3700,3700,23,M6,7.93,0.4,2,105,-6,39,-0.10696661000940266,-0.08428664036287531
361,V3700,3700,24,M21,8.43,25.0,2,225,-28,-13,0.032396626952707695,0.023755243506414683
362,V3700,3700,24,M7,7.7,0.8,2,45,9,85,0.18467714575801905,0.1752434321021282
363,V3700,3700,24,M7,7.7,0.8,2,60,31,-50,-0.06911505627784933,-0.07952826640540353
364,V3700,3700,26,M24,10.28,100.0,2,315,-46,74,-0.0491251090836348,-0.05488532055945494
365,V3700,3700,31,M24,10.28,100.0,2,210,-40,81,0.41845940642111723,0.41610843348441995
366,C2450A,2450,12,M6,7.93,0.4,7,210,20,-81,-0.213877894178541,-0.21071193837646773
367,C2450A,2450,14,M5,7.89,0.4,7,255,-19,14,-0.07434864565856916,-0.09187884306593411
368,C2450A,2450,14,M6,7.93,0.4,7,210,-17,51,-0.1477118841300399,-0.13313264947482334
369,C2450A,2450,14,M22,8.91,40.0,7,285,25,10,-0.11862666783859585,-0.11784003145672652
370,C2450A,2450,17,M23,8.9,80.0,7,30,-28,42,0.3366644726542118,0.34981526340945635
371,C2450A,2450,19,M5,7.89,0.4,7,150,-30,-44,0.2830981460748619,0.285479322772907
372,C2450A,2450,19,M10,10.26,1.4,7,225,-20,88,-0.0913812608478988,-0.08562399666378474
373,C2450A,2450,19,M22,8.91,40.0,7,60,9,60,0.4251806508029503,0.4372682592139095
374,C2450A,2450,21,M22,8.91,40.0,7,0,-33,99,0.09262527347805984,0.04946284461123381
375,C2450A,2450,21,M23,8.9,80.0,7,135,40,-8,0.3556753358365025,0.3475562681915319
376,C2450A,2450,23,M23,8.9,80.0,7,165,-46,-88,0.5217024463591767,0.5329698290631764
377,C2450A,2450,25,M10,10.26,1.4,7,165,-11,0,0.13774376422076884,0.13592328839629522
378,C2450A,2450,26,M5,7.89,0.4,7,135,-45,-69,0.09283597753266559,0.10598062838012198
379,C2450A,2450,26,M23,8.9,80.0,7,225,-45,105,0.27448471851353007,0.28143308225319136
380,C2450A,2450,28,M5,7.89,0.4,7,285,-37,8,0.2317570291587366,0.253636951661372
381,C2450A,2450,29,M5,7.89,0.4,7,240,-6,59,-0.28397215090956673,-0.29280187481881376
382,C2450A,2450,29,M6,7.93,0.4,7,345,23,-34,-0.48377264319958174,-0.48575760563331255
383,C2450A,2450,32,M5,7.89,0.4,7,315,-16,-51,0.016215512323331918,0.03780129606798559
384,C2450B,2450,12,M22,8.91,40.0,7,15,6,-77,0.025296615761441148,0.03672266122865814
385,C2450B,2450,12,M22,8.91,40.0,7,150,16,27,0.32584528023459414,0.35303204587408293
386,C2450B,2450,12,M10,10.26,1.4,7,150,35,33,-0.16162105236050875,-0.16218672379816748
387,C2450B,2450,21,M1,0.0,0.0,7,180,43,-64,0.0013218121848858483,-0.0009518485354412741
388,C2450B,2450,21,M1,0.0,0.0,7,195,21,63,0.0351964166305273,0.04310638048337418
389,C2450B,2450,21,M1,0.0,0.0,7,345,-12,-5,0.13142863738758992,0.12161085439600794
390,C2450B,2450,16,M22,8.91,40.0,7,90,17,34,-0.05997309532771474,-0.05195945955102675
391,C2450B,2450,18,M10,10.26,1.4,7,240,-49,55,-0.005224969935144118,0.013815139287924608
392,C2450B,2450,19,M22,8.91,40.0,7,90,-44,43,0.03487065979369291,0.03902442068227502
393,C2450B,2450,20,M5,7.89,0.4,7,165,-11,-74,-0.24770227833337713,-0.20993235905825922
394,C2450B,2450,32,M1,0.0,0.0,7,75,31,41,-0.08682732973603546,-0.09501694346524935
395,C2450B,2450,24,M22,8.91,40.0,7,225,11,-6,-0.302477900912209,-0.3125446454966728
396,C2450B,2450,24,M10,10.26,1.4,7,330,13,40,-0.5241535712797133,-0.5151122473422648
397,C2450B,2450,24,M23,8.9,80.0,7,135,-1,-94,0.5127922698651357,0.5240332238454988
398,C2450B,2450,25,M10,10.26,1.4,7,270,-47,62,0.1155390512716222,0.11337240035906454
399,C2450B,2450,36,M1,0.0,0.0,7,105,-1,-26,0.2216009971565717,0.22156859644266397
